{
  "dependencies": {
    "secrets1": {
      "type": "secrets.user"
    },
    "signalr1": {
      "secretStore": "LocalSecretsFile",
      "resourceId": "/subscriptions/[parameters('subscriptionId')]/resourceGroups/[parameters('resourceGroupName')]/providers/Microsoft.SignalRService/SignalR/HermesChatApp",
      "type": "signalr.azure",
      "connectionId": "Azure:SignalR:ConnectionString"
    },
    "mssql1": {
      "secretStore": "LocalSecretsFile",
      "resourceId": "/subscriptions/[parameters('subscriptionId')]/resourceGroups/[parameters('resourceGroupName')]/providers/Microsoft.Sql/servers/hermeschatteamb-v3dbserver/databases/HermesChatTeamB_v3_db",
      "type": "mssql.azure",
      "connectionId": "ConnectionStrings:DefaultConnection"
    }
  }
}